Kills,Deaths,Kill / Death,Kill / Round,Rounds with kills,Kill - Death difference,Total opening kills,Total opening deaths,Opening kill ratio,Opening kill rating,Team win percent after first kill,First kill in won rounds,0 kill rounds,1 kill rounds,2 kill rounds,3 kill rounds,4 kill rounds,5 kill rounds,Rifle kills,Sniper kills,SMG kills,Pistol kills,Grenade,Other,Player,Group,Team
2058,2488,0.83,0.53,1561,-430,297,393,0.76,0.88,74.7%,10.7%,2320,1148,337,69,6,1,1366,19,273,331,70,21,aleksib,europa_1,Natus Vincere
2715,2588,1.05,0.70,1829,127,475,447,1.06,1.09,75.2%,17.2%,2052,1144,512,146,26,1,2160,14,73,449,20,14,im,europa_1,Natus Vincere
2838,2507,1.13,0.73,1924,331,453,371,1.22,1.09,75.1%,16.4%,1957,1213,536,148,26,1,2126,22,213,456,23,12,b1t,europa_1,Natus Vincere
2780,2499,1.11,0.72,1866,281,430,367,1.17,1.06,74.2%,15.4%,2015,1174,503,159,27,3,2121,23,145,460,27,27,jl,europa_1,Natus Vincere
2791,2256,1.24,0.72,1914,535,404,237,1.70,1.09,73.8%,14.4%,1967,1279,430,172,29,4,1114,1144,43,474,21,17,w0nderful,europa_1,Natus Vincere
2081,2370,0.88,0.59,1474,-289,317,366,0.87,0.94,76.0%,12.2%,2082,1005,349,103,16,1,1597,22,96,307,63,10,apex,europa_1,Vitality
2951,2014,1.47,0.86,1862,937,483,267,1.81,1.24,76.0%,19.1%,1565,1062,575,172,42,11,1427,944,54,494,35,15,zywoo,europa_1,Vitality
2325,2217,1.05,0.68,1565,108,428,436,0.98,1.08,77.3%,17.2%,1862,1008,384,147,22,4,1708,5,240,347,28,13,flamez,europa_1,Vitality
2521,2125,1.19,0.74,1708,396,357,248,1.44,1.07,75.1%,14.0%,1719,1098,441,139,26,4,2009,20,142,323,28,11,spinx,europa_1,Vitality
1972,1954,1.01,0.61,1386,18,253,248,1.02,0.93,72.7%,10.2%,1830,943,326,96,16,5,1494,1,101,348,23,17,mezii,europa_1,Vitality
2202,2154,1.02,0.67,1501,48,387,407,0.95,1.05,74.4%,16.3%,1765,964,399,113,24,1,1710,6,115,345,26,10,brollan,europa_1,MOUZ
2072,2347,0.88,0.61,1459,-275,268,358,0.75,0.88,82.8%,12.1%,1953,999,338,95,23,4,1603,6,143,310,14,7,siuhy,europa_1,MOUZ
2445,2015,1.21,0.72,1666,430,346,207,1.67,1.07,78.9%,14.9%,1746,1063,451,129,22,1,858,1106,77,389,28,17,torzsi,europa_1,MOUZ
2401,2046,1.17,0.70,1606,355,241,229,1.05,0.91,75.9%,10.0%,1806,996,446,144,19,1,1866,7,116,390,26,7,jimpphat,europa_1,MOUZ
2479,2352,1.05,0.73,1651,127,447,486,0.92,1.08,73.2%,17.9%,1761,1023,464,130,32,2,1920,12,139,383,25,14,xertion,europa_1,MOUZ
2403,3057,0.79,0.56,1668,-654,412,676,0.61,0.89,66.5%,12.3%,2588,1101,421,126,18,2,1636,38,328,370,30,12,karrigan,europa_1,FaZe
2817,2925,0.96,0.66,1944,-108,489,531,0.92,1.03,78.9%,17.3%,2312,1282,491,135,32,4,2132,2,153,510,19,12,rain,europa_1,FaZe
2970,2661,1.12,0.71,1981,309,410,422,0.97,0.99,72.9%,13.6%,2227,1237,540,165,37,2,2254,25,120,530,47,16,frozen,europa_1,FaZe
3054,2623,1.16,0.72,2082,431,415,318,1.31,1.03,75.9%,14.2%,2174,1355,521,173,27,6,2294,72,169,492,24,22,ropz,europa_1,FaZe
3078,2598,1.18,0.72,2105,480,372,210,1.77,1.02,76.9%,12.8%,2151,1360,550,164,29,2,1130,1211,112,583,32,35,broky,europa_1,FaZe
1763,2254,0.78,0.55,1311,-491,275,361,0.76,0.91,72.7%,12.8%,1919,936,302,69,4,0,999,26,458,269,15,7,snappi,europa_1,Falcons
3054,3016,1.01,0.69,2065,38,465,483,0.96,1.01,71.8%,15.5%,2334,1320,544,161,37,3,2276,22,205,520,35,19,dupreeh,europa_1,Falcons
249,250,1.00,0.70,176,-1,44,30,1.47,1.15,47.7%,14.0%,178,119,43,12,2,0,103,97,8,40,2,2,s1mple,europa_1,Falcons
2107,2076,1.01,0.65,1467,31,309,286,1.08,1.00,66.7%,13.2%,1763,963,395,85,21,3,1583,11,126,353,35,13,magisk,europa_1,Falcons
2385,2429,0.98,0.68,1615,-44,335,387,0.87,0.96,72.8%,14.4%,1900,1038,410,142,24,1,1773,27,169,387,30,17,maden,europa_1,Falcons
3525,3088,1.14,0.71,2427,437,564,359,1.57,1.11,72.2%,15.9%,2552,1577,646,165,34,5,1398,1405,49,631,37,32,zorte,europa_1,BetBoom
2824,3478,0.81,0.58,2010,-654,472,719,0.66,0.91,72.9%,13.8%,2861,1361,505,124,19,1,1892,26,368,496,36,19,nafany,europa_1,BetBoom
3234,3140,1.03,0.67,2258,94,333,307,1.08,0.90,75.1%,10.0%,2589,1487,595,148,27,1,2477,20,160,540,41,21,s1ren,europa_1,BetBoom
3412,3473,0.98,0.68,2349,-61,488,479,1.02,0.99,74.0%,14.1%,2664,1539,587,194,28,1,2719,15,125,513,34,24,kair0n,europa_1,BetBoom
3579,3418,1.05,0.73,2385,161,703,707,0.99,1.15,71.7%,20.0%,2494,1492,638,213,38,4,2625,81,214,602,56,20,magnojez,europa_1,BetBoom
2799,2779,1.01,0.62,1984,20,321,336,0.96,0.90,71.0%,9.9%,2523,1362,452,148,21,1,2122,26,173,442,36,27,krimz,europa_1,fnatic
2732,3116,0.88,0.61,1941,-384,518,585,0.89,1.02,72.2%,16.3%,2566,1325,466,125,25,0,2005,17,240,422,47,15,bodyy,europa_1,fnatic
3911,3224,1.21,0.69,2712,687,472,308,1.53,0.99,75.4%,12.8%,2982,1799,675,194,40,4,1447,1559,143,719,40,25,nawwk,europa_1,fnatic
2731,2181,1.25,0.75,1844,550,428,305,1.40,1.11,74.1%,17.2%,1809,1178,486,141,37,2,2036,14,225,407,50,17,blamef,europa_1,fnatic
3494,3341,1.05,0.73,2263,153,580,564,1.03,1.08,67.9%,16.2%,2496,1355,652,195,55,6,2821,13,60,567,39,9,matys,europa_1,fnatic
3697,3952,0.94,0.62,2580,-255,425,536,0.79,0.87,73.2%,10.2%,3363,1705,655,199,20,1,2526,19,448,585,108,49,ztr,europa_1,GamerLegion
2593,2496,1.04,0.70,1774,97,389,355,1.10,1.03,67.1%,14.0%,1931,1141,471,141,18,3,1978,51,158,367,39,16,tauson,europa_1,GamerLegion
2959,3122,0.95,0.62,2074,-163,357,407,0.88,0.90,69.5%,10.5%,2701,1382,528,136,27,1,2270,17,157,491,28,14,volt,europa_1,GamerLegion
3598,3021,1.19,0.71,2457,577,509,317,1.61,1.07,73.7%,14.6%,2592,1584,651,179,40,3,1147,1733,166,488,73,22,sl3nd,europa_1,GamerLegion
3574,3463,1.03,0.73,2373,111,675,643,1.05,1.14,73.0%,19.6%,2495,1458,673,200,40,2,2770,10,202,562,27,20,fl4mus,europa_1,GamerLegion
4051,3960,1.02,0.72,2710,91,766,823,0.93,1.10,71.9%,18.6%,2955,1698,745,208,56,3,3072,67,201,669,49,20,xfl0ud,europa_1,Sangal
3429,3630,0.94,0.62,2419,-201,491,497,0.99,0.96,73.9%,12.6%,3092,1600,658,133,26,2,2587,20,225,560,41,22,lnz,europa_1,Sangal
3571,3448,1.04,0.66,2450,123,542,422,1.28,1.04,75.1%,14.6%,2934,1596,627,191,32,4,1148,1679,125,572,47,21,samey,europa_1,Sangal
3723,3755,0.99,0.67,2545,-32,454,523,0.87,0.92,74.9%,11.7%,3012,1636,678,196,32,3,2786,34,294,582,31,11,yxngstxr,europa_1,Sangal
3368,3045,1.11,0.76,2264,323,446,391,1.14,1.02,76.5%,14.7%,2174,1437,593,193,39,2,2545,19,287,502,19,10,jottaaa,europa_1,Sangal
6197,5276,1.17,0.74,4188,921,912,538,1.70,1.11,73.2%,15.9%,4160,2669,1112,331,69,7,1585,3209,212,1027,114,107,oskar,europa_1,SINNERS
5025,5665,0.89,0.60,3541,-640,686,915,0.75,0.89,71.0%,11.6%,4807,2377,885,242,33,4,3400,18,708,855,55,25,beastik,europa_1,SINNERS
5508,5299,1.04,0.68,3775,209,764,778,0.98,0.98,70.2%,13.1%,4371,2468,953,292,52,10,4057,168,190,1027,58,41,shock,europa_1,SINNERS
3672,3915,0.94,0.67,2508,-243,632,716,0.88,1.03,69.9%,15.9%,2949,1628,644,191,42,3,2735,60,161,677,42,23,moriisko,europa_1,SINNERS
3701,4043,0.92,0.67,2499,-342,545,629,0.87,0.97,73.8%,14.3%,3027,1587,671,195,43,3,2540,23,479,636,24,25,majky,europa_1,SINNERS
4047,4369,0.93,0.61,2918,-322,630,743,0.85,0.96,75.7%,14.2%,3681,2002,727,167,20,2,2857,78,420,646,50,41,kreaz,europa_1,ECLOT
4640,4230,1.10,0.74,3125,410,786,721,1.09,1.10,72.5%,17.6%,3163,1960,868,249,43,5,3486,32,376,706,41,26,blytz,europa_1,ECLOT
4828,4032,1.20,0.68,3326,796,659,469,1.41,1.02,75.0%,13.8%,3739,2170,861,248,43,4,1550,2382,144,710,53,40,forsyy,europa_1,ECLOT
4792,4579,1.05,0.69,3266,213,775,807,0.96,1.03,71.0%,15.6%,3642,2092,870,260,40,4,3684,44,279,744,45,31,nbqq,europa_1,ECLOT
4456,4316,1.03,0.67,3018,140,490,528,0.93,0.90,68.0%,9.9%,3592,1931,795,238,49,5,3220,16,354,796,68,36,dytor,europa_1,ECLOT
4041,3871,1.04,0.71,2731,170,683,678,1.01,1.07,70.4%,15.8%,2993,1741,728,209,48,5,3023,40,238,682,64,20,xant3r,europa_1,Nemiga
3582,3879,0.92,0.62,2511,-297,535,553,0.97,0.97,75.0%,13.1%,3251,1675,634,170,31,1,2653,19,313,521,78,25,1eer,europa_1,Nemiga
3775,3901,0.97,0.65,2631,-126,583,543,1.07,1.01,71.9%,13.7%,3150,1742,676,176,32,5,2795,115,196,614,70,25,riskyb0b,europa_1,Nemiga
4007,3504,1.14,0.69,2726,503,550,414,1.33,1.02,73.5%,13.2%,3055,1744,735,201,40,6,1291,1880,105,677,60,33,khan,europa_1,Nemiga
2535,2408,1.05,0.71,1697,127,365,351,1.04,1.02,72.1%,14.2%,1859,1060,469,138,27,3,1985,16,96,409,24,16,zweih,europa_1,Nemiga
1965,2228,0.88,0.61,1377,-263,365,414,0.88,1.02,72.3%,15.7%,1856,917,352,90,16,2,1198,209,223,307,25,16,boombl4,europa_1,Cloud9
1617,1607,1.01,0.60,1143,10,160,156,1.03,0.87,72.5%,8.3%,1547,771,286,73,10,3,1237,3,88,276,17,11,interz,europa_1,Cloud9
2229,2161,1.03,0.69,1530,68,405,335,1.21,1.12,75.1%,18.1%,1703,1000,395,105,26,4,1735,24,94,330,48,18,ax1le,europa_1,Cloud9
2633,2309,1.14,0.74,1772,324,387,310,1.25,1.07,71.8%,15.5%,1768,1126,467,148,26,5,1924,26,149,515,26,13,heavygod,europa_1,Cloud9
2966,2315,1.28,0.72,2017,651,424,251,1.69,1.08,73.8%,14.6%,2092,1281,559,144,30,3,941,1434,64,506,27,26,icy,europa_1,Cloud9
2598,2937,0.88,0.62,1853,-339,338,395,0.86,0.91,72.5%,11.7%,2367,1251,481,101,18,2,2004,6,146,417,26,18,innocent,europa_1,Rebels
3019,3357,0.90,0.64,2085,-338,413,494,0.84,0.93,69.5%,12.3%,2620,1382,503,172,25,3,2230,14,226,520,32,22,casey,europa_1,Rebels
3325,3488,0.95,0.67,2289,-163,612,680,0.90,1.06,69.0%,17.1%,2661,1490,597,167,35,0,2491,88,243,464,29,33,olimp,europa_1,Rebels
3548,3128,1.13,0.72,2402,420,453,306,1.48,1.02,74.4%,13.6%,2548,1536,628,199,36,3,1064,1662,123,673,34,31,flayy,europa_1,Rebels
3111,3248,0.96,0.65,2174,-137,488,540,0.90,0.99,73.8%,15.1%,2587,1461,518,170,21,4,2376,22,188,488,36,23,kisserek,europa_1,Rebels
3042,3141,0.97,0.62,2156,-99,438,457,0.96,0.96,75.6%,12.7%,2738,1472,509,151,21,3,2363,15,197,410,59,18,mutiris,europa_1,SAW
3024,3259,0.93,0.62,2160,-235,438,445,0.98,0.96,76.0%,12.8%,2734,1494,494,148,22,2,2316,9,200,458,41,18,roman,europa_1,SAW
3365,3001,1.12,0.69,2340,364,574,394,1.46,1.12,75.8%,16.7%,2554,1549,595,161,32,3,1105,1490,108,630,40,32,story,europa_1,SAW
3521,3299,1.07,0.72,2343,222,645,607,1.06,1.12,74.3%,18.4%,2551,1466,635,188,49,5,2679,5,227,567,42,21,ewjerkz,europa_1,SAW
2505,2495,1.00,0.67,1717,10,308,288,1.07,0.95,71.4%,11.8%,2046,1119,443,124,27,4,1902,44,170,366,21,12,ag1l,europa_1,SAW
2444,2409,1.01,0.70,1681,35,303,301,1.01,0.96,68.3%,12.1%,1833,1109,416,124,29,3,1819,14,179,400,32,16,pechyn,europa_1,UNiTY
1150,1097,1.05,0.65,820,53,200,161,1.24,1.08,74.0%,17.1%,945,566,192,50,10,2,288,605,39,212,8,12,blogg1s,europa_1,UNiTY
2310,2493,0.93,0.66,1556,-183,346,411,0.84,0.96,71.4%,14.4%,1958,1002,392,130,26,6,1632,42,141,471,22,16,levi,europa_1,UNiTY
2093,2448,0.85,0.58,1504,-355,261,330,0.79,0.87,70.5%,10.3%,2128,1033,369,87,14,1,1553,5,181,337,18,18,k1-fida,europa_1,UNiTY
2979,2874,1.04,0.73,1983,105,518,544,0.95,1.08,69.9%,18.0%,2107,1225,561,159,35,3,2187,65,225,451,48,16,m1key,europa_1,UNiTY
2333,2707,0.86,0.58,1693,-374,325,445,0.73,0.88,73.8%,11.7%,2353,1181,402,92,18,0,1621,47,229,368,34,53,snax,europa_2,G2
2910,2549,1.14,0.73,1897,361,498,448,1.11,1.11,70.5%,16.7%,2073,1166,508,172,43,8,2205,43,63,563,36,29,niko,europa_2,G2
2580,2563,1.01,0.65,1784,17,318,312,1.02,0.94,78.6%,11.9%,2186,1178,443,139,21,3,1856,13,245,430,39,16,hunter,europa_2,G2
3405,2934,1.16,0.79,2206,471,710,572,1.24,1.27,75.9%,22.3%,2118,1329,612,216,41,8,2519,7,185,663,35,10,malbsmd,europa_2,G2
3195,2306,1.39,0.82,2055,889,529,288,1.84,1.22,75.6%,19.2%,1857,1223,577,206,45,4,1159,1477,43,487,23,22,m0nesy,europa_2,G2
1883,2153,0.87,0.58,1337,-270,295,384,0.77,0.92,76.9%,12.5%,1928,917,307,100,13,0,1292,5,269,294,22,13,chopper,europa_2,Spirit
2202,1600,1.38,0.76,1506,602,286,149,1.92,1.07,78.0%,13.9%,1399,953,430,106,14,3,739,942,72,415,36,16,sh1ro,europa_2,Spirit
1837,1858,0.99,0.58,1335,-21,241,233,1.03,0.93,82.6%,11.2%,1820,931,317,76,11,0,1252,68,209,254,40,24,magixx,europa_2,Spirit
2166,2081,1.04,0.66,1497,85,366,324,1.13,1.06,78.4%,15.8%,1768,990,374,107,23,3,1602,9,179,332,49,13,zont1x,europa_2,Spirit
2875,2135,1.35,0.91,1736,740,483,393,1.23,1.22,74.7%,20.4%,1419,939,510,237,45,5,2355,41,25,444,15,10,donk,europa_2,Spirit
2008,2250,0.89,0.56,1432,-242,278,373,0.75,0.88,74.5%,11.0%,2126,971,367,75,17,2,1325,72,287,284,39,14,maj3r,europa_2,Eternal Fire
2686,2321,1.16,0.75,1810,365,565,439,1.29,1.26,74.7%,22.4%,1748,1146,488,142,32,2,2119,34,155,344,39,16,xantares,europa_2,Eternal Fire
2477,2120,1.17,0.70,1680,357,371,237,1.57,1.08,74.7%,14.7%,1878,1061,467,127,24,1,716,1266,125,346,21,16,woxic,europa_2,Eternal Fire
2273,2238,1.02,0.64,1592,35,255,204,1.25,0.93,72.2%,9.8%,1966,1067,388,119,17,1,1678,15,189,358,34,17,calyx,europa_2,Eternal Fire
2641,2513,1.05,0.72,1787,128,421,445,0.95,1.04,68.9%,14.9%,1887,1127,500,129,28,3,1913,36,216,442,34,19,wicadia,europa_2,Eternal Fire
2712,2660,1.02,0.70,1811,52,416,462,0.90,1.00,70.7%,15.0%,2070,1115,514,160,21,1,2115,1,158,410,31,9,electronic,europa_2,Virtus.pro
2579,2461,1.05,0.66,1782,118,472,469,1.01,1.07,74.6%,17.6%,2115,1158,476,123,25,0,1984,14,181,352,51,20,fl1t,europa_2,Virtus.pro
2531,2107,1.20,0.65,1784,424,391,205,1.91,1.08,74.9%,14.7%,2113,1182,476,107,19,0,576,1420,88,422,32,30,jame,europa_2,Virtus.pro
2438,2580,0.94,0.63,1706,-142,385,436,0.88,0.97,70.4%,13.6%,2191,1126,450,109,20,1,1835,20,137,393,51,18,n0rb3r7,europa_2,Virtus.pro
2563,2501,1.02,0.66,1746,62,395,385,1.03,1.01,72.4%,14.3%,2151,1138,441,131,30,6,2028,18,74,426,22,15,fame,europa_2,Virtus.pro
3237,2920,1.11,0.73,2168,317,589,464,1.27,1.16,73.0%,18.8%,2261,1374,576,165,49,4,2469,55,243,441,34,18,nertz,europa_2,HEROIC
3036,2905,1.05,0.70,2039,131,462,487,0.95,1.01,70.6%,14.5%,2322,1276,574,148,37,4,2253,17,183,560,27,14,teses,europa_2,HEROIC
2841,2916,0.97,0.65,1963,-75,395,432,0.91,0.95,72.7%,12.8%,2398,1290,500,144,26,3,2187,32,140,442,34,21,sjuush,europa_2,HEROIC
1360,1137,1.20,0.72,955,223,184,136,1.35,1.03,73.4%,13.5%,947,627,255,69,4,0,450,640,23,238,12,9,degster,europa_2,HEROIC
2846,3120,0.91,0.60,2018,-274,396,475,0.83,0.92,70.7%,11.4%,2721,1365,502,128,22,1,2014,22,363,399,33,38,kyxsan,europa_2,HEROIC
2030,1777,1.14,0.69,1385,253,325,240,1.35,1.08,75.1%,15.9%,1574,876,385,114,8,2,728,812,74,388,22,21,device,europa_2,Astralis
1747,1690,1.03,0.62,1275,57,293,217,1.35,1.06,78.2%,15.3%,1564,907,277,81,7,3,529,756,140,285,41,12,cadian,europa_2,Astralis
2013,1936,1.04,0.70,1364,77,296,246,1.20,1.04,75.0%,14.9%,1495,866,365,116,16,1,1583,47,58,302,34,8,stavn,europa_2,Astralis
2002,1915,1.05,0.70,1358,87,295,297,0.99,1.01,75.6%,15.0%,1501,865,365,106,21,1,1499,5,130,343,25,7,jabbi,europa_2,Astralis
1908,1955,0.98,0.64,1319,-47,315,341,0.92,1.01,71.4%,14.7%,1640,874,328,92,23,2,1400,15,118,347,26,11,staehr,europa_2,Astralis
5174,4261,1.21,0.73,3487,913,815,617,1.32,1.10,71.7%,15.9%,3607,2195,955,286,44,7,2099,1844,259,864,88,58,maka,europa_2,3DMAX
4557,4431,1.03,0.65,3168,126,634,619,1.02,0.97,77.3%,13.6%,3806,2091,803,238,34,2,3492,57,151,761,72,55,lucky,europa_2,3DMAX
4714,4859,0.97,0.67,3168,-145,773,880,0.88,1.01,74.1%,15.9%,3827,2002,846,268,44,8,3518,12,343,782,54,32,djoko,europa_2,3DMAX
4703,4574,1.03,0.67,3206,129,570,594,0.96,0.93,72.3%,11.4%,3789,2053,864,237,49,3,3660,43,177,742,51,61,ex3rcice,europa_2,3DMAX
3968,4226,0.94,0.65,2760,-258,685,700,0.98,1.04,73.3%,16.0%,3307,1836,684,202,32,6,2976,2,452,492,53,20,graviti,europa_2,3DMAX
2106,2093,1.01,0.70,1396,13,331,368,0.90,1.01,68.9%,16.0%,1622,864,377,133,21,1,1627,20,65,380,17,7,rez,europa_2,Ninjas in Pyjamas
1792,2061,0.87,0.62,1252,-269,241,324,0.74,0.90,69.7%,11.7%,1625,836,309,91,15,1,1363,10,126,284,10,10,mistem,europa_2,Ninjas in Pyjamas
2302,2557,0.90,0.62,1617,-255,316,355,0.89,0.93,73.1%,13.0%,2122,1088,398,108,21,2,1722,12,120,413,35,19,isak,europa_2,Ninjas in Pyjamas
2612,2296,1.14,0.71,1770,316,449,359,1.25,1.12,73.7%,18.6%,1899,1135,465,136,31,3,749,1329,51,454,26,19,r1nkle,europa_2,Ninjas in Pyjamas
2135,2018,1.06,0.70,1475,117,287,255,1.13,1.00,69.7%,13.5%,1579,965,379,113,17,1,1614,17,127,358,24,8,maxster,europa_2,Ninjas in Pyjamas
3668,3433,1.07,0.68,2520,235,475,442,1.07,0.97,69.7%,12.0%,2881,1657,633,180,45,5,2723,20,282,601,47,25,clax,europa_2,Aurora
3773,4082,0.92,0.65,2591,-309,665,731,0.91,1.03,70.1%,15.6%,3185,1696,650,204,40,1,2700,61,305,640,56,29,lack1,europa_2,Aurora
4058,3924,1.03,0.69,2770,134,673,611,1.10,1.07,75.2%,16.7%,3075,1775,744,214,32,5,3146,27,136,703,57,21,kensi,europa_2,Aurora
3799,3808,1.00,0.65,2641,-9,521,516,1.01,0.97,72.0%,12.4%,3187,1756,656,187,40,2,2682,63,304,690,60,52,norwi,europa_2,Aurora
4379,3497,1.25,0.76,2970,882,548,350,1.57,1.04,69.9%,12.7%,2826,1897,788,236,47,2,1963,1358,130,858,55,48,deko,europa_2,Aurora
3218,3192,1.01,0.65,2207,26,339,374,0.91,0.88,70.8%,9.4%,2760,1430,577,166,34,0,2415,25,276,425,77,25,valde,europa_2,TSM
2760,2895,0.95,0.65,1911,-135,495,503,0.98,1.05,71.3%,16.1%,2351,1262,482,136,29,2,2049,20,201,437,57,26,niko,europa_2,TSM
3229,2929,1.10,0.69,2203,300,477,394,1.21,1.03,72.3%,14.5%,2503,1420,577,171,33,2,932,1570,153,536,44,24,acor,europa_2,TSM
3230,2945,1.10,0.75,2118,285,512,480,1.07,1.08,67.8%,15.9%,2185,1301,563,218,31,5,2489,27,139,538,37,19,zyphon,europa_2,TSM
4884,4543,1.08,0.70,3338,341,758,717,1.06,1.04,74.0%,15.5%,3682,2144,886,268,36,4,3793,39,276,694,87,31,sirah,europa_2,TSM
2455,2477,0.99,0.62,1747,-22,342,308,1.11,0.97,67.8%,11.9%,2191,1193,422,111,20,1,1842,11,172,417,13,20,qikert,europa_2,PARIVISION
3096,2841,1.09,0.73,2091,255,445,431,1.03,1.02,73.3%,14.7%,2173,1331,560,158,39,3,2418,28,82,537,30,15,belchonokk,europa_2,PARIVISION
2919,2841,1.03,0.73,1947,78,554,573,0.97,1.12,69.1%,19.3%,2066,1221,519,171,33,3,2227,62,134,476,24,19,patsi,europa_2,PARIVISION
2064,2248,0.92,0.65,1433,-184,305,327,0.93,0.98,71.1%,13.5%,1743,947,360,108,17,1,1539,17,173,310,30,10,alpha,europa_2,PARIVISION
3100,2385,1.30,0.72,2138,715,417,189,2.21,1.08,75.3%,14.6%,2160,1387,573,146,31,1,689,1818,93,454,49,13,artfr0st,europa_2,PARIVISION
4609,4964,0.93,0.65,3168,-355,702,789,0.89,0.98,74.8%,14.1%,3945,2084,788,238,55,3,3300,13,458,792,51,19,cptkurtka023,europa_2,B8
4589,3747,1.22,0.73,3103,842,547,367,1.49,1.01,72.9%,12.2%,3147,1971,835,245,47,5,2006,1533,111,857,87,20,headtr1ck,europa_2,B8
4280,4055,1.06,0.70,2847,225,596,669,0.89,0.97,75.3%,13.9%,3231,1754,813,228,44,8,3346,38,180,675,43,13,alex666,europa_2,B8
5378,4780,1.13,0.76,3551,598,914,853,1.07,1.11,72.4%,17.7%,3562,2197,978,291,73,12,3998,20,391,913,55,24,npl,europa_2,B8
4114,4569,0.90,0.60,2892,-455,578,702,0.82,0.92,74.4%,12.0%,3937,1922,757,178,31,4,3063,12,348,654,33,31,esenthial,europa_2,B8
5512,5333,1.03,0.65,3838,179,789,773,1.02,0.98,74.3%,13.4%,4600,2522,1009,262,39,6,4017,35,587,761,124,27,fear,europa_2,Passion UA
5898,4981,1.18,0.74,3917,917,1165,765,1.52,1.24,73.1%,20.7%,4057,2412,1108,326,63,8,2335,2377,148,968,73,20,jambo,europa_2,Passion UA
4958,5369,0.92,0.62,3503,-411,723,780,0.93,0.96,72.2%,12.7%,4471,2369,858,238,31,7,3345,23,740,790,66,33,s-chilla,europa_2,Passion UA
5732,5311,1.08,0.72,3799,421,694,729,0.95,0.95,68.7%,11.6%,4175,2365,1027,320,82,5,4421,46,232,972,64,25,jackasmo,europa_2,Passion UA
4984,5301,0.94,0.63,3479,-317,734,863,0.85,0.95,74.4%,13.3%,4467,2327,842,270,37,3,3793,106,236,797,65,19,zerrofix,europa_2,Passion UA
4066,3757,1.08,0.65,2890,309,652,461,1.41,1.07,71.3%,14.0%,3349,1959,720,178,32,1,1164,2075,141,655,34,23,idisbalance,europa_2,9 Pandas
3959,3636,1.09,0.70,2701,323,630,602,1.05,1.05,77.1%,16.1%,2946,1714,750,203,34,0,2986,162,237,532,44,17,shalfey,europa_2,9 Pandas
4229,4139,1.02,0.68,2850,90,620,582,1.07,1.01,75.8%,14.2%,3389,1821,734,243,49,3,3099,37,339,704,54,30,glowiing,europa_2,9 Pandas
4504,4148,1.09,0.72,3009,356,678,703,0.96,1.02,74.5%,15.2%,3230,1889,807,259,46,8,3469,31,224,732,33,49,d1ledez,europa_2,9 Pandas
5092,4504,1.13,0.75,3370,588,827,804,1.03,1.08,75.7%,17.2%,3449,2087,922,287,70,4,3849,47,235,863,74,45,r3salt,europa_2,9 Pandas
2475,2658,0.93,0.64,1742,-183,346,389,0.89,0.94,74.3%,13.1%,2153,1181,417,118,24,2,1777,41,196,412,47,17,tabsen,europa_2,BIG
2088,2001,1.04,0.67,1430,87,326,242,1.35,1.06,76.4%,16.0%,1700,923,381,103,21,2,316,1237,156,366,17,13,syrson,europa_2,BIG
3237,3295,0.98,0.72,2119,-58,500,556,0.90,1.02,72.4%,15.9%,2357,1306,564,198,46,5,2291,82,235,603,34,12,rigon,europa_2,BIG
2223,2150,1.03,0.71,1492,73,366,338,1.08,1.07,68.9%,16.2%,1638,928,419,125,18,2,1744,27,71,360,23,8,jdc,europa_2,BIG
2680,2230,1.20,0.69,1856,450,331,268,1.24,0.98,70.1%,11.8%,2039,1216,491,118,27,4,2042,57,96,441,48,18,krimbo,europa_2,BIG
4553,4777,0.95,0.60,3184,-224,518,585,0.89,0.88,74.7%,9.9%,4368,2122,799,224,34,5,3358,26,310,777,76,28,kwezz,europa_2,Sashi
5833,4890,1.19,0.72,4012,943,694,414,1.68,1.01,73.8%,12.2%,4125,2606,1053,292,60,1,3034,1531,156,1040,75,42,lucky,europa_2,Sashi
5969,5783,1.03,0.73,4005,186,1086,1093,0.99,1.11,74.4%,19.2%,4132,2552,1025,353,67,8,4697,14,314,877,59,50,cabbi,europa_2,Sashi
5230,6145,0.85,0.64,3579,-915,984,1293,0.76,1.01,74.0%,17.3%,4558,2327,928,253,67,4,3772,31,616,748,62,41,iceberg,europa_2,Sashi
5184,5332,0.97,0.65,3575,-148,679,673,1.01,0.95,73.9%,12.1%,4395,2335,931,253,52,4,4108,16,179,799,63,54,mistr,europa_2,Sashi
947,925,1.02,0.66,645,22,100,114,0.88,0.88,77.0%,10.3%,800,424,156,51,12,2,686,2,87,163,11,0,jks,america_rmr,Liquid
2767,2295,1.21,0.73,1879,472,303,255,1.19,0.95,74.6%,11.2%,1929,1186,529,136,25,3,1855,78,340,456,43,16,naf,america_rmr,Liquid
2951,2507,1.18,0.73,1945,444,376,381,0.99,0.98,72.9%,12.8%,2078,1208,512,186,34,5,2247,58,172,443,33,23,twistzz,america_rmr,Liquid
2441,2576,0.95,0.64,1687,-135,534,597,0.89,1.11,73.4%,19.4%,2121,1101,442,124,16,4,1646,16,400,359,25,10,yekindar,america_rmr,Liquid
2444,2101,1.16,0.73,1630,343,439,348,1.26,1.15,71.3%,18.9%,1698,1032,420,144,30,4,807,1081,145,379,26,21,ultimate,america_rmr,Liquid
2261,2245,1.01,0.64,1540,16,378,284,1.33,1.07,73.3%,15.5%,2005,993,405,113,26,3,598,1145,85,412,22,21,fallen,america_rmr,FURIA
2196,2439,0.90,0.62,1506,-243,411,484,0.85,1.02,69.6%,16.0%,2039,999,362,111,30,4,1586,72,160,366,16,17,chelo,america_rmr,FURIA
2399,2235,1.07,0.68,1671,164,338,281,1.20,1.01,73.4%,13.9%,1874,1105,430,111,24,1,1890,15,84,389,25,20,yuurih,america_rmr,FURIA
2518,2130,1.18,0.71,1704,388,373,280,1.33,1.06,70.0%,14.6%,1841,1085,450,147,18,4,1871,31,166,405,49,40,kscerato,america_rmr,FURIA
2449,2418,1.01,0.64,1699,31,326,305,1.07,0.96,69.9%,11.4%,2140,1124,422,132,20,1,1799,8,174,443,29,16,skullz,america_rmr,FURIA
2923,3119,0.94,0.64,2034,-196,571,638,0.89,1.06,75.1%,18.1%,2540,1339,528,141,25,1,2095,21,324,442,47,22,max,america_rmr,9z
3256,2732,1.19,0.74,2229,524,500,343,1.46,1.10,72.8%,16.0%,2172,1443,583,169,30,4,2693,17,78,420,55,26,dgt,america_rmr,9z
2672,3004,0.89,0.58,1898,-332,323,433,0.75,0.86,77.4%,10.6%,2676,1284,478,115,18,3,1984,9,167,470,45,20,buda,america_rmr,9z
3222,2570,1.25,0.74,2189,652,568,315,1.80,1.20,71.1%,17.8%,2191,1403,575,176,34,1,938,1711,42,514,21,17,martinezsa,america_rmr,9z
3000,3002,1.00,0.66,2030,-2,388,437,0.89,0.93,72.4%,11.9%,2544,1295,539,159,35,2,2213,17,178,560,36,12,huasopeek,america_rmr,9z
2573,2243,1.15,0.78,1688,330,479,376,1.27,1.20,70.1%,20.5%,1609,1040,462,142,37,7,2018,62,68,405,24,7,elige,america_rmr,Complexity
1970,2266,0.87,0.60,1372,-296,339,381,0.89,0.99,72.3%,14.9%,1925,913,337,105,17,0,1494,1,113,325,27,16,jt,america_rmr,Complexity
1990,2129,0.93,0.60,1446,-139,291,283,1.03,0.96,69.4%,12.3%,1851,1018,325,90,13,0,1544,13,95,321,17,6,floppy,america_rmr,Complexity
2209,1992,1.11,0.67,1498,217,327,201,1.63,1.06,73.1%,14.6%,1799,969,377,124,26,2,829,892,64,395,30,7,hallzerk,america_rmr,Complexity
2193,2233,0.98,0.67,1497,-40,272,343,0.79,0.91,66.5%,11.0%,1800,967,396,105,26,3,1710,11,117,342,15,9,grim,america_rmr,Complexity
4633,4482,1.03,0.68,3143,151,892,908,0.98,1.10,74.2%,17.8%,3624,2003,843,247,47,3,3459,62,346,679,89,26,biguzera,america_rmr,paiN
4804,3736,1.29,0.71,3313,1068,658,417,1.58,1.05,78.3%,13.9%,3454,2179,827,261,42,4,1470,2359,173,746,61,23,nqz,america_rmr,paiN
4524,4412,1.03,0.67,3088,112,718,657,1.09,1.04,77.6%,15.0%,3679,1991,808,242,44,3,3412,52,319,701,36,37,kauez,america_rmr,paiN
5142,4685,1.10,0.69,3515,457,749,697,1.07,1.01,76.2%,14.2%,3939,2287,895,271,58,4,3924,33,249,869,71,62,snow,america_rmr,paiN
4762,4410,1.08,0.70,3232,352,782,683,1.14,1.08,75.3%,15.9%,3535,2079,842,252,52,7,3568,95,248,781,71,47,lux,america_rmr,paiN
3634,3230,1.13,0.67,2524,404,472,359,1.31,0.99,73.9%,12.0%,2922,1660,653,179,29,3,2821,16,170,567,70,38,exit,america_rmr,MIBR
4388,3812,1.15,0.74,2939,576,740,661,1.12,1.11,72.7%,17.1%,2952,1853,778,256,49,3,3552,39,114,626,55,27,lucaozy,america_rmr,MIBR
3734,3243,1.15,0.69,2563,491,537,410,1.31,1.03,77.5%,14.3%,2883,1682,645,185,48,3,1493,1446,168,588,42,28,saffee,america_rmr,MIBR
3450,3484,0.99,0.63,2372,-34,532,555,0.96,0.99,75.0%,13.7%,3074,1551,610,171,34,6,2599,3,225,564,61,46,drop,america_rmr,MIBR
4114,3571,1.15,0.76,2688,543,732,667,1.10,1.13,74.3%,18.6%,2758,1664,704,248,62,10,3234,13,138,678,47,38,insani,america_rmr,MIBR
3180,2490,1.28,0.71,2149,690,491,271,1.81,1.11,77.8%,15.4%,2320,1340,616,169,19,5,809,1714,116,513,38,24,slaxz,america_rmr,M80
3027,2922,1.04,0.66,2078,105,427,465,0.92,0.96,73.8%,12.4%,2502,1349,545,155,22,7,2249,14,219,499,50,13,swisher,america_rmr,M80
3078,2899,1.06,0.67,2098,179,372,377,0.99,0.94,74.7%,10.9%,2482,1349,555,162,27,5,2415,15,97,525,35,11,reck,america_rmr,M80
2749,2557,1.08,0.66,1885,192,342,339,1.01,0.94,74.0%,11.0%,2284,1216,511,122,35,1,1942,27,235,489,53,14,s1n,america_rmr,M80
2577,2455,1.05,0.75,1674,122,500,496,1.01,1.16,72.2%,20.8%,1746,1016,466,144,43,5,1976,25,155,393,30,12,lake,america_rmr,M80
4501,4210,1.07,0.74,2958,291,861,816,1.06,1.15,77.5%,20.2%,3148,1844,777,252,78,7,3517,44,321,590,33,25,felps,america_rmr,Imperial
3693,3871,0.95,0.60,2579,-178,524,551,0.95,0.95,74.6%,11.9%,3527,1745,599,193,39,3,2667,57,302,596,59,33,vini,america_rmr,Imperial
1575,1290,1.22,0.72,1042,285,248,175,1.42,1.10,73.4%,16.0%,1142,653,267,101,20,1,432,803,61,260,19,13,try,america_rmr,Imperial
4431,3820,1.16,0.73,2965,611,532,439,1.21,0.98,77.6%,12.5%,3141,1855,824,225,52,9,3490,82,128,705,36,13,decenty,america_rmr,Imperial
4164,3988,1.04,0.68,2841,176,654,662,0.99,1.02,72.8%,14.4%,3265,1858,704,227,43,9,3150,41,224,693,44,36,noway,america_rmr,Imperial
2568,2722,0.94,0.68,1755,-154,444,501,0.89,1.04,67.8%,16.9%,1995,1134,459,134,26,2,1831,17,263,439,16,17,cryptic,america_rmr,BOSS
2487,2578,0.96,0.66,1691,-91,303,321,0.94,0.93,69.3%,11.8%,2059,1097,430,131,28,5,1761,29,206,460,22,27,freshie,america_rmr,BOSS
1092,1042,1.05,0.73,740,50,134,134,1.00,0.96,65.7%,12.0%,763,469,206,50,14,1,808,8,44,226,13,4,fruitcupx,america_rmr,BOSS
2640,2574,1.03,0.66,1853,66,462,313,1.48,1.11,76.6%,17.6%,2161,1230,477,129,16,1,666,1305,173,447,47,22,slight,america_rmr,BOSS
2451,2535,0.97,0.65,1676,-84,304,343,0.89,0.92,70.1%,11.9%,2074,1083,442,124,23,4,1756,13,225,435,28,10,d4rty,america_rmr,BOSS
2617,3155,0.83,0.59,1888,-538,479,609,0.79,0.98,74.1%,15.1%,2522,1303,464,99,21,1,1988,29,179,386,37,9,nekiz,america_rmr,Legacy
3349,2822,1.19,0.76,2197,527,584,463,1.26,1.15,75.3%,18.7%,2213,1331,626,197,40,3,2509,38,154,600,51,32,dumau,america_rmr,Legacy
2821,2829,1.00,0.64,1923,-8,365,393,0.93,0.93,71.2%,11.0%,2487,1244,497,146,35,1,2113,22,140,503,40,30,b4rtin,america_rmr,Legacy
3212,2735,1.17,0.73,2169,477,424,336,1.26,1.02,72.4%,13.0%,2241,1383,569,179,36,2,2486,16,104,575,37,27,latto,america_rmr,Legacy
3899,3160,1.23,0.73,2683,739,545,336,1.62,1.07,75.4%,14.7%,2684,1751,690,203,36,3,1428,1582,118,731,40,40,saadzin,america_rmr,Legacy
2652,2538,1.04,0.69,1810,114,302,339,0.89,0.91,76.5%,11.0%,2056,1162,485,136,23,4,1964,1,241,426,25,21,rush,america_rmr,Nouns
3458,3258,1.06,0.68,2410,200,484,465,1.04,0.99,73.6%,13.1%,2641,1587,628,166,28,1,2595,1,261,545,59,24,cj-da-k1ng,america_rmr,Nouns
3567,2779,1.28,0.75,2397,788,531,302,1.76,1.12,74.0%,15.3%,2380,1510,645,207,29,6,1112,1643,121,630,60,30,junior,america_rmr,Nouns
3348,3496,0.96,0.66,2307,-148,590,621,0.95,1.05,75.1%,16.3%,2744,1501,596,185,25,0,2454,32,286,504,66,23,nosrac,america_rmr,Nouns
3517,3136,1.12,0.74,2351,381,549,504,1.09,1.07,74.7%,15.9%,2426,1486,611,214,33,7,2490,25,348,594,55,38,jeorge,america_rmr,Nouns
2784,2964,0.94,0.63,1944,-180,401,470,0.85,0.94,76.1%,13.0%,2478,1307,469,137,27,4,1814,15,430,473,52,29,stanislaw,america_rmr,Wildcard
3188,2893,1.10,0.74,2086,295,459,437,1.05,1.03,74.7%,14.8%,2233,1269,582,190,40,5,2334,90,172,549,46,25,sonic,america_rmr,Wildcard
2113,1645,1.28,0.78,1371,468,349,226,1.54,1.17,72.8%,17.0%,1351,816,404,119,28,4,729,924,71,358,31,18,phzy,america_rmr,Wildcard
3546,3611,0.98,0.65,2442,-65,658,703,0.94,1.05,73.4%,16.4%,3032,1585,650,170,34,3,2657,13,258,586,34,13,susp,america_rmr,Wildcard
3207,2814,1.14,0.73,2115,393,353,326,1.08,0.94,75.6%,11.3%,2293,1320,562,177,48,8,2272,6,332,571,29,14,jba,america_rmr,Wildcard
2035,2368,0.86,0.61,1393,-333,279,382,0.73,0.90,68.5%,12.1%,1922,898,374,97,22,2,1361,35,213,405,24,11,reversive,america_rmr,KRÜ
2219,2322,0.96,0.64,1552,-103,303,310,0.98,0.96,77.2%,13.7%,1902,1034,396,100,17,5,1613,14,142,426,28,13,deco,america_rmr,KRÜ
1890,2247,0.84,0.58,1361,-357,266,296,0.90,0.92,70.3%,12.0%,1903,937,333,79,10,2,1386,12,105,363,24,9,laser,america_rmr,KRÜ
2246,2151,1.04,0.70,1522,95,422,321,1.31,1.16,70.4%,19.4%,1688,967,411,121,21,2,718,982,81,427,30,29,atarax1a,america_rmr,KRÜ
2299,2374,0.97,0.68,1562,-75,388,379,1.02,1.05,69.8%,16.6%,1837,1004,413,116,24,5,1769,22,45,443,26,8,righi,america_rmr,KRÜ
3855,3082,1.25,0.67,2722,773,566,317,1.79,1.07,76.3%,14.1%,3010,1851,647,187,36,1,1339,1686,116,655,65,28,hen1,america_rmr,RED Canids
3336,2983,1.12,0.70,2261,353,452,393,1.15,1.00,74.6%,13.8%,2496,1442,601,183,32,3,2282,327,110,580,36,27,coldzera,america_rmr,RED Canids
4438,4198,1.06,0.69,2932,240,761,776,0.98,1.06,71.6%,16.2%,3528,1813,800,257,56,6,3388,12,217,778,51,17,venomzera,america_rmr,RED Canids
3985,4195,0.95,0.61,2819,-210,698,623,1.12,1.04,74.9%,15.5%,3737,1889,729,167,33,1,1033,2073,231,596,53,47,noktse,america_rmr,BESTIA
4572,4563,1.00,0.71,3045,9,897,917,0.98,1.12,72.8%,19.5%,3406,1904,812,276,49,4,3331,49,320,839,39,14,luchov,america_rmr,BESTIA
2506,2565,0.98,0.65,1733,-59,316,329,0.96,0.94,73.7%,11.5%,2105,1141,438,129,23,2,1779,125,145,435,24,16,zock,america_rmr,BESTIA
3659,3943,0.93,0.64,2539,-284,486,547,0.89,0.93,71.0%,11.7%,3183,1665,674,160,34,6,2587,11,326,682,55,18,naz,america_rmr,BESTIA
4724,4277,1.10,0.73,3140,447,579,559,1.04,0.97,73.9%,12.8%,3288,1941,881,255,59,4,3527,26,339,801,36,25,tomaszin,america_rmr,BESTIA
4446,4652,0.96,0.61,3162,-206,469,455,1.03,0.88,72.3%,9.3%,4127,2124,818,195,24,1,3174,12,369,818,80,34,yepz,america_rmr,Case
3411,4228,0.81,0.56,2464,-817,520,711,0.73,0.90,69.2%,11.8%,3676,1708,591,139,26,0,2522,42,280,526,44,23,ricioli,america_rmr,Case
1978,1910,1.04,0.66,1368,68,300,234,1.28,1.03,72.7%,15.0%,1649,911,330,105,18,4,510,1017,60,371,25,22,bsd,america_rmr,Case
3674,3534,1.04,0.68,2506,140,477,497,0.96,0.95,67.5%,11.9%,2916,1601,687,177,37,4,2693,56,242,643,46,39,nyezin,america_rmr,Case
4345,4338,1.00,0.70,2964,7,842,801,1.05,1.13,68.2%,18.6%,3259,1900,796,224,39,5,3419,15,138,721,61,24,urban0,america_rmr,Case
3160,2878,1.10,0.71,2138,282,473,461,1.03,1.02,76.5%,14.7%,2334,1361,573,167,33,4,2397,73,150,467,69,27,blitz,asia_rmr,The MongolZ
3009,3002,1.00,0.67,2052,7,418,469,0.89,0.96,77.0%,13.1%,2420,1324,544,145,33,6,2185,20,249,525,29,24,techno,asia_rmr,The MongolZ
3311,2926,1.13,0.74,2162,385,541,471,1.15,1.10,77.3%,17.0%,2310,1323,586,203,43,7,2309,231,111,626,40,16,senzu,asia_rmr,The MongolZ
2933,2929,1.00,0.66,1990,4,380,399,0.95,0.94,78.2%,12.1%,2482,1284,501,176,26,3,2202,24,140,535,38,10,mzinho,asia_rmr,The MongolZ
3138,2701,1.16,0.70,2150,437,483,369,1.31,1.07,76.6%,15.1%,2322,1392,558,173,24,3,951,1532,46,576,35,15,910,asia_rmr,The MongolZ
2316,2167,1.07,0.73,1529,149,431,415,1.04,1.13,75.2%,17.3%,1639,944,414,145,21,5,1712,41,163,357,40,12,dexter,asia_rmr,FlyQuest
2175,1903,1.14,0.67,1493,272,252,223,1.13,0.94,79.4%,10.4%,1772,964,401,106,19,3,1645,6,106,370,56,14,liazz,asia_rmr,FlyQuest
2166,1855,1.17,0.66,1513,311,334,237,1.41,1.06,80.8%,14.0%,1752,1008,377,112,12,4,482,1139,123,384,35,16,alistair,asia_rmr,FlyQuest
2555,2087,1.22,0.78,1667,468,386,303,1.27,1.10,76.9%,15.4%,1598,995,495,143,29,5,1902,45,174,382,51,17,ins,asia_rmr,FlyQuest
2415,2066,1.17,0.74,1589,349,338,321,1.05,1.02,80.2%,14.0%,1676,985,415,157,31,1,1769,11,172,410,51,14,vexite,asia_rmr,FlyQuest
1683,1806,0.93,0.66,1149,-123,283,378,0.75,0.97,66.8%,14.7%,1411,742,298,92,16,1,1272,5,118,266,22,13,westmelon,asia_rmr,Lynn Vision
1805,1644,1.10,0.71,1201,161,276,224,1.23,1.06,72.8%,15.6%,1359,761,302,113,24,1,836,539,53,362,13,10,z4kr,asia_rmr,Lynn Vision
1717,1710,1.00,0.67,1166,7,275,277,0.99,1.02,76.0%,16.2%,1394,739,326,81,17,3,1258,19,126,291,19,10,emiliaqaq,asia_rmr,Lynn Vision
526,642,0.82,0.54,387,-116,51,82,0.62,0.79,74.5%,7.8%,588,279,83,19,6,0,392,2,36,95,6,1,afufu,asia_rmr,Lynn Vision
1598,1717,0.93,0.63,1115,-119,189,245,0.77,0.88,72.5%,10.5%,1439,744,275,80,16,0,1206,6,96,270,20,6,summer,asia_rmr,Rare Atom
1780,1780,1.00,0.70,1207,0,257,273,0.94,0.99,73.2%,14.4%,1347,752,357,79,18,1,1284,64,113,274,17,33,somebody,asia_rmr,Rare Atom
1712,1449,1.18,0.69,1206,263,199,145,1.37,0.97,72.9%,11.5%,1273,805,310,79,10,2,563,764,54,291,18,36,kaze,asia_rmr,Rare Atom
1575,1590,0.99,0.69,1057,-15,277,279,0.99,1.07,71.1%,17.2%,1215,676,265,97,17,2,1187,35,75,262,18,6,childking,asia_rmr,Rare Atom
1882,1853,1.02,0.71,1275,29,312,301,1.04,1.06,71.8%,16.6%,1393,834,305,109,24,3,1412,12,90,345,23,13,l1hang,asia_rmr,Rare Atom
519,689,0.75,0.53,378,-170,69,115,0.60,0.82,71.0%,10.4%,593,262,94,19,3,0,388,9,38,76,9,3,azr,asia_rmr,TALON
1754,1817,0.97,0.68,1201,-63,300,272,1.10,1.07,70.7%,16.4%,1392,806,273,91,26,5,1309,9,81,334,24,8,hazr,asia_rmr,TALON
917,750,1.22,0.78,599,167,149,98,1.52,1.16,81.2%,21.3%,584,356,182,49,10,2,327,408,12,155,17,8,mhl,asia_rmr,TALON
2045,1617,1.26,0.80,1346,428,346,246,1.41,1.19,69.4%,18.6%,1200,805,407,114,16,4,1548,13,99,357,32,10,nettik,asia_rmr,TALON
1856,1677,1.11,0.72,1264,179,237,223,1.06,0.98,74.3%,13.6%,1329,808,342,95,16,3,1387,15,105,325,24,16,addict,asia_rmr,TALON
1128,1174,0.96,0.68,781,-46,143,166,0.86,0.93,69.2%,12.3%,867,516,194,61,9,1,747,6,182,170,24,7,salo-mux,asia_rmr,GR
1135,1135,1.00,0.69,760,0,223,184,1.21,1.16,72.2%,20.0%,888,472,217,57,12,2,480,465,26,153,11,7,weqt2,asia_rmr,GR
1165,1138,1.02,0.71,807,27,151,147,1.03,0.98,70.9%,13.3%,841,527,215,54,9,2,905,9,34,208,16,4,mediocrity,asia_rmr,GR
458,490,0.93,0.65,316,-32,73,88,0.83,0.98,71.2%,14.7%,387,206,88,16,2,4,304,11,44,91,8,3,runnin,asia_rmr,GR
276,228,1.21,0.73,185,48,32,42,0.76,0.91,78.1%,11.4%,191,110,61,12,2,0,217,2,13,43,1,2,bntet,asia_rmr,Alter Ego
613,569,1.08,0.73,409,44,85,90,0.94,1.00,82.4%,15.7%,428,257,110,34,6,2,441,4,48,117,5,4,xign,asia_rmr,Alter Ego
255,230,1.11,0.68,188,25,37,27,1.37,1.04,81.1%,13.7%,188,132,46,9,1,0,193,0,12,45,4,3,freeman,asia_rmr,Alter Ego
797,665,1.20,0.69,542,132,140,91,1.54,1.14,74.3%,17.8%,610,343,155,34,8,2,230,418,31,113,5,5,aidkit,asia_rmr,Alter Ego
